[{"__type__":"cc.SpriteFrame","content":{"name":"bg0","texture":"57exrIVuVACoHzCx51yKjm","rect":[1492,512,100,110],"offset":[0,0],"originalSize":[100,110],"capInsets":[39,44,38,45]}},{"__type__":"cc.SpriteFrame","content":{"name":"default_btn_disabled","texture":"71VhFCTINJM6/Ky3oX9nBT","rect":[0,0,40,40],"offset":[0,0],"originalSize":[40,40],"capInsets":[15,7,15,9]}},{"__type__":"cc.SpriteFrame","content":{"name":"bg2","texture":"57exrIVuVACoHzCx51yKjm","rect":[1770,561,80,90],"offset":[0,0],"originalSize":[80,90],"rotated":1,"capInsets":[36,40,34,45]}},[{"__type__":"cc.Prefab","_name":"FbFail","data":{"__id__":1},"asyncLoadAssets":null},{"__type__":"cc.Node","_name":"FbFail","_children":[{"__id__":2},{"__id__":3},{"__id__":8}],"_components":[{"__type__":"cc.Widget","node":{"__id__":1},"isAlignOnce":false,"_alignFlags":45}],"_prefab":{"__type__":"cc.PrefabInfo","root":{"__id__":1},"asset":{"__uuid__":"b45TWWoClO8LXUE0r+VWuJ"},"fileId":"3fB8F+C/5PfbCrs5OLVVtG"},"_contentSize":{"__type__":"cc.Size","width":750,"height":1335},"_position":{"__type__":"cc.Vec2","x":375,"y":667.5}},{"__type__":"cc.Node","_name":"Mask","_parent":{"__id__":1},"_components":[{"__type__":"cc.Sprite","node":{"__id__":2},"_spriteFrame":{"__uuid__":"07FaEC5R9GULsvDQua5De5"},"_type":1,"_sizeMode":0},{"__type__":"cc.BlockInputEvents","node":{"__id__":2}},{"__type__":"cc.Widget","node":{"__id__":2},"_alignFlags":45,"_originalWidth":159,"_originalHeight":212}],"_prefab":{"__type__":"cc.PrefabInfo","root":{"__id__":1},"asset":{"__uuid__":"b45TWWoClO8LXUE0r+VWuJ"},"fileId":"dclXbFhWhIab4CFWQ13HTA"},"_opacity":158,"_color":{"__type__":"cc.Color","r":34,"g":31,"b":31},"_contentSize":{"__type__":"cc.Size","width":750,"height":1335}},{"__type__":"cc.Node","_name":"Bg","_parent":{"__id__":1},"_children":[{"__id__":4},{"__id__":6},{"__id__":7}],"_components":[{"__type__":"cc.Sprite","node":{"__id__":3},"_spriteFrame":{"__uuid__":"07FaEC5R9GULsvDQua5De5"},"_type":1,"_sizeMode":0}],"_prefab":{"__type__":"cc.PrefabInfo","root":{"__id__":1},"asset":{"__uuid__":"b45TWWoClO8LXUE0r+VWuJ"},"fileId":"59xbI+cDRLxqlTJxKKIJLV"},"_contentSize":{"__type__":"cc.Size","width":500,"height":400}},{"__type__":"cc.Node","_name":"Titel","_parent":{"__id__":3},"_children":[{"__id__":5}],"_components":[{"__type__":"cc.Sprite","node":{"__id__":4},"_type":1,"_sizeMode":0}],"_prefab":{"__type__":"cc.PrefabInfo","root":{"__id__":1},"asset":{"__uuid__":"b45TWWoClO8LXUE0r+VWuJ"},"fileId":"5e8LwwGylEnKWzmbIhj7UV"},"_color":{"__type__":"cc.Color","r":29,"g":117,"b":227},"_contentSize":{"__type__":"cc.Size","width":450,"height":76},"_position":{"__type__":"cc.Vec2","y":134}},{"__type__":"cc.Node","_name":"New Label","_parent":{"__id__":4},"_components":[{"__type__":"cc.Label","node":{"__id__":5},"_useOriginalSize":false,"_N$string":"label_text.failTitel","_N$horizontalAlign":1,"_N$verticalAlign":1},{"__type__":"cc.LabelOutline","node":{"__id__":5},"_color":{"__type__":"cc.Color","r":29,"g":117,"b":227}},{"__type__":"744dcs4DCdNprNhG0xwq6FK","node":{"__id__":5},"_dataID":"label_text.failTitel"}],"_prefab":{"__type__":"cc.PrefabInfo","root":{"__id__":1},"asset":{"__uuid__":"b45TWWoClO8LXUE0r+VWuJ"},"fileId":"9cVtYWwb1ND7aPterN2Qwr"},"_color":{"__type__":"cc.Color","r":29,"g":117,"b":227},"_contentSize":{"__type__":"cc.Size","width":310,"height":40}},{"__type__":"cc.Node","_name":"VideoText","_parent":{"__id__":3},"_components":[{"__type__":"cc.Label","node":{"__id__":6},"_useOriginalSize":false,"_lineHeight":50,"_N$string":"label_text.videoText","_N$horizontalAlign":1,"_N$verticalAlign":1,"_N$overflow":3},{"__type__":"cc.LabelOutline","node":{"__id__":6},"_color":{"__type__":"cc.Color","r":29,"g":117,"b":227}},{"__type__":"744dcs4DCdNprNhG0xwq6FK","node":{"__id__":6},"_dataID":"label_text.videoText"}],"_prefab":{"__type__":"cc.PrefabInfo","root":{"__id__":1},"asset":{"__uuid__":"b45TWWoClO8LXUE0r+VWuJ"},"fileId":"d3sZAgd91PT6Ew+3zt0tla"},"_color":{"__type__":"cc.Color","r":29,"g":117,"b":227},"_contentSize":{"__type__":"cc.Size","width":400,"height":50},"_position":{"__type__":"cc.Vec2","y":19}},{"__type__":"cc.Node","_name":"ShareText","_parent":{"__id__":3},"_active":false,"_components":[{"__type__":"cc.Label","node":{"__id__":7},"_useOriginalSize":false,"_actualFontSize":45,"_lineHeight":50,"_N$string":"label_text.shareText","_N$horizontalAlign":1,"_N$verticalAlign":1,"_N$overflow":3},{"__type__":"cc.LabelOutline","node":{"__id__":7},"_color":{"__type__":"cc.Color","r":29,"g":117,"b":227}},{"__type__":"744dcs4DCdNprNhG0xwq6FK","node":{"__id__":7},"_dataID":"label_text.shareText"}],"_prefab":{"__type__":"cc.PrefabInfo","root":{"__id__":1},"asset":{"__uuid__":"b45TWWoClO8LXUE0r+VWuJ"},"fileId":"3fzdqEur1F4aZYLse8wyxE"},"_color":{"__type__":"cc.Color","r":29,"g":117,"b":227},"_contentSize":{"__type__":"cc.Size","width":400,"height":100},"_position":{"__type__":"cc.Vec2","y":19}},{"__type__":"cc.Node","_name":"Okay","_parent":{"__id__":1},"_children":[{"__id__":9}],"_components":[{"__type__":"cc.Sprite","node":{"__id__":8},"_spriteFrame":{"__uuid__":"3abk6Wl49KppeW7I2y5czI"},"_type":1,"_sizeMode":0},{"__type__":"cc.Button","node":{"__id__":8},"transition":3,"pressedColor":{"__type__":"cc.Color","r":255,"g":255,"b":255},"zoomScale":0.8,"clickEvents":[null],"_N$normalColor":{"__type__":"cc.Color","r":255,"g":255,"b":255},"_N$disabledColor":{"__type__":"cc.Color","r":255,"g":255,"b":255},"_N$pressedSprite":{"__uuid__":"e97GVMl6JHh5Ml5qEDdSGa"},"pressedSprite":{"__uuid__":"e97GVMl6JHh5Ml5qEDdSGa"},"_N$hoverSprite":{"__uuid__":"e97GVMl6JHh5Ml5qEDdSGa"},"hoverSprite":{"__uuid__":"e97GVMl6JHh5Ml5qEDdSGa"},"_N$disabledSprite":{"__uuid__":"29FYIk+N1GYaeWH/q1NxQO"},"_N$target":{"__id__":8}}],"_prefab":{"__type__":"cc.PrefabInfo","root":{"__id__":1},"asset":{"__uuid__":"b45TWWoClO8LXUE0r+VWuJ"},"fileId":"91UINWA4dHH4rWllQGBMiQ"},"_color":{"__type__":"cc.Color","r":29,"g":117,"b":227},"_contentSize":{"__type__":"cc.Size","width":200,"height":80},"_position":{"__type__":"cc.Vec2","y":-117}},{"__type__":"cc.Node","_name":"Text","_parent":{"__id__":8},"_components":[{"__type__":"cc.Label","node":{"__id__":9},"_useOriginalSize":false,"_N$string":"label_text.replay","_N$horizontalAlign":1,"_N$verticalAlign":1},{"__type__":"cc.LabelOutline","node":{"__id__":9}},{"__type__":"744dcs4DCdNprNhG0xwq6FK","node":{"__id__":9},"_dataID":"label_text.replay"}],"_prefab":{"__type__":"cc.PrefabInfo","root":{"__id__":1},"asset":{"__uuid__":"b45TWWoClO8LXUE0r+VWuJ"},"fileId":"1dRwUlerhBFJ8jnZFn0oOa"},"_contentSize":{"__type__":"cc.Size","width":293,"height":40},"_position":{"__type__":"cc.Vec2","x":-3,"y":6}}],{"__type__":"cc.SpriteFrame","content":{"name":"default_btn_pressed","texture":"b4P/PCArtIdIH38t6mlw8Y","rect":[0,0,40,40],"offset":[0,0],"originalSize":[40,40],"capInsets":[11,11,11,7]}}]