[{"__type__":"cc.SpriteFrame","content":{"name":"bg0","texture":"57exrIVuVACoHzCx51yKjm","rect":[1492,512,100,110],"offset":[0,0],"originalSize":[100,110],"capInsets":[39,44,38,45]}},{"__type__":"cc.SpriteFrame","content":{"name":"bg2","texture":"57exrIVuVACoHzCx51yKjm","rect":[1770,561,80,90],"offset":[0,0],"originalSize":[80,90],"rotated":1,"capInsets":[36,40,34,45]}},[{"__type__":"cc.Prefab","_name":"ShareView","data":{"__id__":1},"asyncLoadAssets":null},{"__type__":"cc.Node","_name":"ShareView","_children":[{"__id__":2},{"__id__":3}],"_components":[{"__type__":"cc.Widget","node":{"__id__":1},"_alignFlags":45}],"_prefab":{"__type__":"cc.PrefabInfo","root":{"__id__":1},"asset":{"__uuid__":"a6+W2cJMRJdZ/5njwHug4j"},"fileId":"1fmLMZDMxNRogEx87iT8pL"},"_contentSize":{"__type__":"cc.Size","width":750,"height":1335},"_position":{"__type__":"cc.Vec2","x":375,"y":667.5}},{"__type__":"cc.Node","_name":"Mask","_parent":{"__id__":1},"_components":[{"__type__":"cc.Sprite","node":{"__id__":2},"_spriteFrame":{"__uuid__":"f2jaNmCgFC8KUJ6FsGM/mE"},"_type":1,"_sizeMode":0},{"__type__":"cc.Widget","node":{"__id__":2},"_alignFlags":45,"_originalWidth":100,"_originalHeight":110},{"__type__":"cc.BlockInputEvents","node":{"__id__":2}}],"_prefab":{"__type__":"cc.PrefabInfo","root":{"__id__":1},"asset":{"__uuid__":"a6+W2cJMRJdZ/5njwHug4j"},"fileId":"8ewJKKOhxBzq7mUeQlKx82"},"_opacity":132,"_color":{"__type__":"cc.Color"},"_contentSize":{"__type__":"cc.Size","width":750,"height":1335}},{"__type__":"cc.Node","_name":"Bg","_parent":{"__id__":1},"_children":[{"__id__":4},{"__id__":5},{"__id__":7},{"__id__":9}],"_components":[{"__type__":"cc.Sprite","node":{"__id__":3},"_spriteFrame":{"__uuid__":"07FaEC5R9GULsvDQua5De5"},"_type":1,"_sizeMode":0}],"_prefab":{"__type__":"cc.PrefabInfo","root":{"__id__":1},"asset":{"__uuid__":"a6+W2cJMRJdZ/5njwHug4j"},"fileId":"82NmJwNP5JxY54wGE7xR6p"},"_contentSize":{"__type__":"cc.Size","width":550,"height":450}},{"__type__":"cc.Node","_name":"Titel","_parent":{"__id__":3},"_components":[{"__type__":"cc.Label","node":{"__id__":4},"_useOriginalSize":false,"_lineHeight":50,"_N$string":"label_text.unlockTitel","_N$horizontalAlign":1,"_N$verticalAlign":1},{"__type__":"cc.LabelOutline","node":{"__id__":4},"_color":{"__type__":"cc.Color","r":29,"g":117,"b":227},"_width":1.5},{"__type__":"744dcs4DCdNprNhG0xwq6FK","node":{"__id__":4},"_dataID":"label_text.unlockTitel"}],"_prefab":{"__type__":"cc.PrefabInfo","root":{"__id__":1},"asset":{"__uuid__":"a6+W2cJMRJdZ/5njwHug4j"},"fileId":"dbvQWaqrJMdrsE7ppQdyYR"},"_color":{"__type__":"cc.Color","r":29,"g":117,"b":227},"_contentSize":{"__type__":"cc.Size","width":375,"height":50},"_position":{"__type__":"cc.Vec2","y":129}},{"__type__":"cc.Node","_name":"Bg","_parent":{"__id__":3},"_children":[{"__id__":6}],"_components":[{"__type__":"cc.Sprite","node":{"__id__":5},"_type":1,"_sizeMode":0}],"_prefab":{"__type__":"cc.PrefabInfo","root":{"__id__":1},"asset":{"__uuid__":"a6+W2cJMRJdZ/5njwHug4j"},"fileId":"9bAPREQn5PIokLaYVRDADk"},"_contentSize":{"__type__":"cc.Size","width":450,"height":320},"_position":{"__type__":"cc.Vec2","y":-16}},{"__type__":"cc.Node","_name":"Text","_parent":{"__id__":5},"_components":[{"__type__":"cc.Label","node":{"__id__":6},"_useOriginalSize":false,"_lineHeight":60,"_N$string":"label_text.unlockText","_N$horizontalAlign":1,"_N$verticalAlign":1,"_N$overflow":3},{"__type__":"cc.LabelOutline","node":{"__id__":6},"_color":{"__type__":"cc.Color","r":29,"g":117,"b":227},"_width":1.2},{"__type__":"744dcs4DCdNprNhG0xwq6FK","node":{"__id__":6},"_dataID":"label_text.unlockText"}],"_prefab":{"__type__":"cc.PrefabInfo","root":{"__id__":1},"asset":{"__uuid__":"a6+W2cJMRJdZ/5njwHug4j"},"fileId":"3fn3o6ptlOwahYiEq8L4iD"},"_color":{"__type__":"cc.Color","r":29,"g":117,"b":227},"_contentSize":{"__type__":"cc.Size","width":400,"height":60},"_position":{"__type__":"cc.Vec2","y":21}},{"__type__":"cc.Node","_name":"Sure","_parent":{"__id__":3},"_children":[{"__id__":8}],"_components":[{"__type__":"cc.Sprite","node":{"__id__":7},"_spriteFrame":{"__uuid__":"3abk6Wl49KppeW7I2y5czI"},"_type":1,"_sizeMode":0},{"__type__":"cc.Widget","node":{"__id__":7},"_alignFlags":4,"_bottom":30}],"_prefab":{"__type__":"cc.PrefabInfo","root":{"__id__":1},"asset":{"__uuid__":"a6+W2cJMRJdZ/5njwHug4j"},"fileId":"4a9oQX2oFOepGjakfeO7gv"},"_color":{"__type__":"cc.Color","r":255,"g":92,"b":92},"_contentSize":{"__type__":"cc.Size","width":200,"height":90},"_position":{"__type__":"cc.Vec2","y":-150}},{"__type__":"cc.Node","_name":"inviteSprite","_parent":{"__id__":7},"_components":[{"__type__":"cc.Sprite","node":{"__id__":8},"_spriteFrame":{"__uuid__":"e3Kzk0fKZGlZIvqTFvn/6u"}}],"_prefab":{"__type__":"cc.PrefabInfo","root":{"__id__":1},"asset":{"__uuid__":"a6+W2cJMRJdZ/5njwHug4j"},"fileId":"68d0LPfmFIfL6qPEHQt76L"},"_contentSize":{"__type__":"cc.Size","width":59,"height":59},"_position":{"__type__":"cc.Vec2","y":7}},{"__type__":"cc.Node","_name":"Later","_parent":{"__id__":3},"_children":[{"__id__":10}],"_prefab":{"__type__":"cc.PrefabInfo","root":{"__id__":1},"asset":{"__uuid__":"a6+W2cJMRJdZ/5njwHug4j"},"fileId":"16wMhREJpHkYTra3Q0GMFU"},"_contentSize":{"__type__":"cc.Size","width":80,"height":80},"_position":{"__type__":"cc.Vec2","x":235,"y":185}},{"__type__":"cc.Node","_name":"Sprite","_parent":{"__id__":9},"_components":[{"__type__":"cc.Sprite","node":{"__id__":10},"_spriteFrame":{"__uuid__":"dfIt30EudFrLGUmd3C0Mkg"}}],"_prefab":{"__type__":"cc.PrefabInfo","root":{"__id__":1},"asset":{"__uuid__":"a6+W2cJMRJdZ/5njwHug4j"},"fileId":"91vOi1uPtIj5rpGilmLIVA"},"_contentSize":{"__type__":"cc.Size","width":32,"height":37}}],{"__type__":"cc.SpriteFrame","content":{"name":"closeSprite","texture":"57exrIVuVACoHzCx51yKjm","rect":[1530,477,32,37],"offset":[0,0],"originalSize":[32,37],"rotated":1}},{"__type__":"cc.SpriteFrame","content":{"name":"inviteSprite","texture":"57exrIVuVACoHzCx51yKjm","rect":[475,887,59,59],"offset":[0,0],"originalSize":[59,59]}},{"__type__":"cc.SpriteFrame","content":{"name":"bg4","texture":"57exrIVuVACoHzCx51yKjm","rect":[1847,412,50,50],"offset":[0,0],"originalSize":[50,50],"capInsets":[0,14,0,12]}}]