[{"__type__":"cc.SpriteFrame","content":{"name":"bullet-4","texture":"b5w/nICExLV6KVBUt6mCdb","rect":[161,1,64,65],"offset":[0,0],"originalSize":[64,65],"rotated":1}},{"__type__":"cc.SpriteFrame","content":{"name":"tower","texture":"b5w/nICExLV6KVBUt6mCdb","rect":[192,67,34,51],"offset":[0,0],"originalSize":[34,51]}},{"__type__":"cc.SpriteFrame","content":{"name":"bullet-3","texture":"b5w/nICExLV6KVBUt6mCdb","rect":[134,72,56,57],"offset":[4,-4],"originalSize":[64,65]}},{"__type__":"cc.SpriteFrame","content":{"name":"2-1","texture":"b5w/nICExLV6KVBUt6mCdb","rect":[73,161,69,73],"offset":[-2,0],"originalSize":[75,73],"rotated":1}},{"__type__":"cc.SpriteFrame","content":{"name":"bullet-2","texture":"b5w/nICExLV6KVBUt6mCdb","rect":[148,131,56,55],"offset":[0,-5],"originalSize":[64,65],"rotated":1}},{"__type__":"cc.SpriteFrame","content":{"name":"bullet-1","texture":"b5w/nICExLV6KVBUt6mCdb","rect":[148,189,40,39],"offset":[-2,-3],"originalSize":[64,65]}},{"__type__":"cc.SpriteAtlas","_name":"enemy.plist","_spriteFrames":{"1-0":{"__uuid__":"e6amWAssVPlJpy/T6GdKsi"},"1-1":{"__uuid__":"e1RujJM5FJAbCibPRXrQNQ"},"2-0":{"__uuid__":"eeajYQtiNPk6hGufF4XYLE"},"2-1":{"__uuid__":"3dBz1rF2NMda55fsNXY3SY"},"3-0":{"__uuid__":"b6o61eyS5Ph7nTzKmzTdHm"},"3-1":{"__uuid__":"edK/YLCGhNTqGXB7UGWLpD"},"bullet-0":{"__uuid__":"feWunD7ltP5JQ5NL+YK8zB"},"bullet-1":{"__uuid__":"71D9aJfnFIw4nDSrixNJpD"},"bullet-2":{"__uuid__":"66Pp6gMZ9CLJtpt1ED+Mr4"},"bullet-3":{"__uuid__":"27YbriYvRJ0LljyQw6QcJw"},"bullet-4":{"__uuid__":"19UVmYJOFBiqVBR8aCwOrO"},"tower":{"__uuid__":"1frowJgCdA365r3OPBz/NV"}}},{"__type__":"cc.SpriteFrame","content":{"name":"3-0","texture":"b5w/nICExLV6KVBUt6mCdb","rect":[1,165,70,68],"offset":[0,-4],"originalSize":[70,76]}},{"__type__":"cc.SpriteFrame","content":{"name":"1-1","texture":"b5w/nICExLV6KVBUt6mCdb","rect":[1,83,69,80],"offset":[-1,0],"originalSize":[81,80]}},{"__type__":"cc.SpriteFrame","content":{"name":"1-0","texture":"b5w/nICExLV6KVBUt6mCdb","rect":[1,1,81,80],"offset":[0,0],"originalSize":[81,80]}},{"__type__":"cc.SpriteFrame","content":{"name":"3-1","texture":"b5w/nICExLV6KVBUt6mCdb","rect":[72,83,60,76],"offset":[0,0],"originalSize":[70,76]}},{"__type__":"cc.SpriteFrame","content":{"name":"2-0","texture":"b5w/nICExLV6KVBUt6mCdb","rect":[84,1,75,69],"offset":[0,1],"originalSize":[75,73]}},{"__type__":"cc.SpriteFrame","content":{"name":"bullet-0","texture":"b5w/nICExLV6KVBUt6mCdb","rect":[190,189,36,35],"offset":[0,0],"originalSize":[36,35]}}]