[{"__type__":"cc.SpriteFrame","content":{"name":"default_btn_disabled","texture":"71VhFCTINJM6/Ky3oX9nBT","rect":[0,0,40,40],"offset":[0,0],"originalSize":[40,40],"capInsets":[15,7,15,9]}},{"__type__":"cc.SpriteFrame","content":{"name":"starSprite","texture":"57exrIVuVACoHzCx51yKjm","rect":[1804,897,45,48],"offset":[0,0],"originalSize":[45,48]}},{"__type__":"cc.SpriteFrame","content":{"name":"bg1","texture":"57exrIVuVACoHzCx51yKjm","rect":[1965,874,30,35],"offset":[0,0],"originalSize":[30,35],"rotated":1,"capInsets":[13,13,13,19]}},[{"__type__":"cc.Prefab","_name":"RankItem","data":{"__id__":1},"asyncLoadAssets":null},{"__type__":"cc.Node","_name":"RankItem","_children":[{"__id__":2},{"__id__":3},{"__id__":4},{"__id__":5},{"__id__":7}],"_components":[{"__type__":"cc.Sprite","node":{"__id__":1},"_sizeMode":0},{"__type__":"cc.Widget","node":{"__id__":1},"isAlignOnce":false,"_alignFlags":40,"_originalWidth":480}],"_prefab":{"__type__":"cc.PrefabInfo","root":{"__id__":1},"asset":{"__uuid__":"5bv6j//fFOLYX0GCbUWoVx"},"fileId":"abIfv9F79BA5en2KnNHyeu"},"_contentSize":{"__type__":"cc.Size","width":500,"height":120},"_position":{"__type__":"cc.Vec2","y":-60}},{"__type__":"cc.Node","_name":"No","_parent":{"__id__":1},"_components":[{"__type__":"cc.Label","node":{"__id__":2},"_useOriginalSize":false,"_actualFontSize":45,"_fontSize":45,"_lineHeight":100,"_N$file":{"__uuid__":"93UdSFjxtCKb3q2dsOOHPX"},"_isSystemFontUsed":false,"_spacingX":-3,"_N$string":"12","_N$horizontalAlign":1,"_N$verticalAlign":1,"_N$overflow":1},{"__type__":"cc.Widget","node":{"__id__":2},"_alignFlags":8,"_left":10},{"__type__":"cc.LabelOutline","node":{"__id__":2},"_width":2}],"_prefab":{"__type__":"cc.PrefabInfo","root":{"__id__":1},"asset":{"__uuid__":"5bv6j//fFOLYX0GCbUWoVx"},"fileId":"cdqRCZ8C9J+6ZvkRynFOYg"},"_anchorPoint":{"__type__":"cc.Vec2","x":0.1,"y":0.5},"_contentSize":{"__type__":"cc.Size","width":60,"height":56.25},"_position":{"__type__":"cc.Vec2","x":-234,"y":3}},{"__type__":"cc.Node","_name":"Head","_parent":{"__id__":1},"_components":[{"__type__":"cc.Sprite","node":{"__id__":3},"_sizeMode":0},{"__type__":"cc.Widget","node":{"__id__":3},"_alignFlags":8,"_left":90}],"_prefab":{"__type__":"cc.PrefabInfo","root":{"__id__":1},"asset":{"__uuid__":"5bv6j//fFOLYX0GCbUWoVx"},"fileId":"6fkTS/vxZA6YfgRdt1n1aG"},"_contentSize":{"__type__":"cc.Size","width":80,"height":80},"_position":{"__type__":"cc.Vec2","x":-120}},{"__type__":"cc.Node","_name":"Name","_parent":{"__id__":1},"_components":[{"__type__":"cc.Label","node":{"__id__":4},"_useOriginalSize":false,"_lineHeight":50,"_enableWrapText":false,"_spacingX":2,"_N$string":"JJJ","_N$verticalAlign":1,"_N$overflow":2},{"__type__":"cc.LabelOutline","node":{"__id__":4}},{"__type__":"cc.Widget","node":{"__id__":4},"_alignFlags":41,"_left":178,"_right":122,"_top":10,"_horizontalCenter":50,"_originalWidth":190}],"_prefab":{"__type__":"cc.PrefabInfo","root":{"__id__":1},"asset":{"__uuid__":"5bv6j//fFOLYX0GCbUWoVx"},"fileId":"20bK/kSXVPRKvl7XsIfV8I"},"_contentSize":{"__type__":"cc.Size","width":200,"height":50},"_position":{"__type__":"cc.Vec2","x":28,"y":25}},{"__type__":"cc.Node","_name":"Score","_parent":{"__id__":1},"_children":[{"__id__":6}],"_components":[{"__type__":"cc.Sprite","node":{"__id__":5},"_spriteFrame":{"__uuid__":"2b7r6yHCtBHoh7iTop6wHG"}},{"__type__":"cc.Widget","node":{"__id__":5},"_alignFlags":12,"_left":175.5,"_bottom":9,"_horizontalCenter":-25}],"_prefab":{"__type__":"cc.PrefabInfo","root":{"__id__":1},"asset":{"__uuid__":"5bv6j//fFOLYX0GCbUWoVx"},"fileId":"42K8bc4PhBcIf965G/da9V"},"_contentSize":{"__type__":"cc.Size","width":45,"height":48},"_position":{"__type__":"cc.Vec2","x":-52,"y":-27}},{"__type__":"cc.Node","_name":"Num","_parent":{"__id__":5},"_components":[{"__type__":"cc.Label","node":{"__id__":6},"_useOriginalSize":false,"_actualFontSize":45,"_fontSize":45,"_lineHeight":110,"_N$file":{"__uuid__":"93UdSFjxtCKb3q2dsOOHPX"},"_isSystemFontUsed":false,"_N$string":"8888","_N$horizontalAlign":1,"_N$verticalAlign":1},{"__type__":"cc.LabelOutline","node":{"__id__":6},"_color":{"__type__":"cc.Color"}}],"_prefab":{"__type__":"cc.PrefabInfo","root":{"__id__":1},"asset":{"__uuid__":"5bv6j//fFOLYX0GCbUWoVx"},"fileId":"a5nuI3ZjROhKN5/p4d0EdP"},"_color":{"__type__":"cc.Color","r":255,"g":234,"b":80},"_anchorPoint":{"__type__":"cc.Vec2","x":0.2,"y":0.5},"_contentSize":{"__type__":"cc.Size","width":111.38,"height":61.88},"_position":{"__type__":"cc.Vec2","x":48,"y":-3}},{"__type__":"cc.Node","_name":"Play","_parent":{"__id__":1},"_children":[{"__id__":8}],"_components":[{"__type__":"cc.Sprite","node":{"__id__":7},"_spriteFrame":{"__uuid__":"5btS8bZZJOHouQawqOYJXH"},"_type":1,"_sizeMode":0},{"__type__":"cc.Button","node":{"__id__":7},"transition":3,"pressedColor":{"__type__":"cc.Color","r":255,"g":255,"b":255},"zoomScale":0.8,"_N$normalColor":{"__type__":"cc.Color","r":255,"g":255,"b":255},"_N$disabledColor":{"__type__":"cc.Color","r":255,"g":255,"b":255},"_N$normalSprite":{"__uuid__":"f0BIwQ8D5Ml7nTNQbh1YlS"},"_N$pressedSprite":{"__uuid__":"e97GVMl6JHh5Ml5qEDdSGa"},"pressedSprite":{"__uuid__":"e97GVMl6JHh5Ml5qEDdSGa"},"_N$hoverSprite":{"__uuid__":"e97GVMl6JHh5Ml5qEDdSGa"},"hoverSprite":{"__uuid__":"e97GVMl6JHh5Ml5qEDdSGa"},"_N$disabledSprite":{"__uuid__":"29FYIk+N1GYaeWH/q1NxQO"},"_N$target":{"__id__":7}},{"__type__":"cc.Widget","node":{"__id__":7},"_alignFlags":32,"_right":15}],"_prefab":{"__type__":"cc.PrefabInfo","root":{"__id__":1},"asset":{"__uuid__":"5bv6j//fFOLYX0GCbUWoVx"},"fileId":"01VI9xZgFHsaRVgbGBISrb"},"_color":{"__type__":"cc.Color","r":255,"g":88,"b":88},"_contentSize":{"__type__":"cc.Size","width":100,"height":50},"_position":{"__type__":"cc.Vec2","x":185}},{"__type__":"cc.Node","_name":"Text","_parent":{"__id__":7},"_components":[{"__type__":"cc.Label","node":{"__id__":8},"_useOriginalSize":false,"_actualFontSize":30,"_fontSize":30,"_lineHeight":110,"_N$file":{"__uuid__":"93UdSFjxtCKb3q2dsOOHPX"},"_isSystemFontUsed":false,"_N$string":"PLAY","_N$horizontalAlign":1,"_N$verticalAlign":1}],"_prefab":{"__type__":"cc.PrefabInfo","root":{"__id__":1},"asset":{"__uuid__":"5bv6j//fFOLYX0GCbUWoVx"},"fileId":"a8ld6Kkd1IQb1fxYtTnQ40"},"_contentSize":{"__type__":"cc.Size","width":81.88,"height":41.25}}],{"__type__":"cc.SpriteFrame","content":{"name":"default_btn_pressed","texture":"b4P/PCArtIdIH38t6mlw8Y","rect":[0,0,40,40],"offset":[0,0],"originalSize":[40,40],"capInsets":[11,11,11,7]}},{"__type__":"cc.SpriteFrame","content":{"name":"default_btn_normal","texture":"e8Ueib+qJEhL6mXAHdnwbi","rect":[0,0,40,40],"offset":[0,0],"originalSize":[40,40],"capInsets":[8,11,7,9]}}]