[{"__type__":"cc.SpriteFrame","content":{"name":"bg0","texture":"57exrIVuVACoHzCx51yKjm","rect":[1492,512,100,110],"offset":[0,0],"originalSize":[100,110],"capInsets":[39,44,38,45]}},{"__type__":"cc.SpriteFrame","content":{"name":"default_btn_disabled","texture":"71VhFCTINJM6/Ky3oX9nBT","rect":[0,0,40,40],"offset":[0,0],"originalSize":[40,40],"capInsets":[15,7,15,9]}},{"__type__":"cc.SpriteFrame","content":{"name":"bg2","texture":"57exrIVuVACoHzCx51yKjm","rect":[1770,561,80,90],"offset":[0,0],"originalSize":[80,90],"rotated":1,"capInsets":[36,40,34,45]}},{"__type__":"cc.SpriteFrame","content":{"name":"lightBg","texture":"57exrIVuVACoHzCx51yKjm","rect":[1102,644,203,203],"offset":[0,0],"originalSize":[203,203]}},{"__type__":"cc.SpriteFrame","content":{"name":"videoSprite","texture":"57exrIVuVACoHzCx51yKjm","rect":[354,887,60,53],"offset":[0,0],"originalSize":[60,53],"rotated":1}},{"__type__":"cc.SpriteFrame","content":{"name":"heartSprite","texture":"57exrIVuVACoHzCx51yKjm","rect":[1866,2,155,140],"offset":[0,0],"originalSize":[155,140]}},[{"__type__":"cc.Prefab","_name":"HeartView","data":{"__id__":1},"asyncLoadAssets":null},{"__type__":"cc.Node","_name":"HeartView","_children":[{"__id__":2},{"__id__":3}],"_components":[{"__type__":"cc.Widget","node":{"__id__":1},"_alignFlags":45}],"_prefab":{"__type__":"cc.PrefabInfo","root":{"__id__":1},"asset":{"__uuid__":"c37e4RF/ZI4JVHatZHKRi0"},"fileId":"3dZQ9sId5J/72q4o/wwrBH"},"_contentSize":{"__type__":"cc.Size","width":750,"height":1335},"_position":{"__type__":"cc.Vec2","x":375,"y":667.5}},{"__type__":"cc.Node","_name":"Mask","_parent":{"__id__":1},"_components":[{"__type__":"cc.Sprite","node":{"__id__":2},"_spriteFrame":{"__uuid__":"07FaEC5R9GULsvDQua5De5"},"_type":1,"_sizeMode":0},{"__type__":"cc.Widget","node":{"__id__":2},"_alignFlags":45,"_originalWidth":40,"_originalHeight":36},{"__type__":"cc.BlockInputEvents","node":{"__id__":2}}],"_prefab":{"__type__":"cc.PrefabInfo","root":{"__id__":1},"asset":{"__uuid__":"c37e4RF/ZI4JVHatZHKRi0"},"fileId":"3aIBXQo4VIIIowvz0PeReS"},"_opacity":160,"_color":{"__type__":"cc.Color"},"_contentSize":{"__type__":"cc.Size","width":750,"height":1335}},{"__type__":"cc.Node","_name":"Bg","_parent":{"__id__":1},"_children":[{"__id__":4},{"__id__":5},{"__id__":7}],"_components":[{"__type__":"cc.Sprite","node":{"__id__":3},"_spriteFrame":{"__uuid__":"07FaEC5R9GULsvDQua5De5"},"_type":1,"_sizeMode":0}],"_prefab":{"__type__":"cc.PrefabInfo","root":{"__id__":1},"asset":{"__uuid__":"c37e4RF/ZI4JVHatZHKRi0"},"fileId":"2e1yrbTttCR7NFicoBYnLl"},"_contentSize":{"__type__":"cc.Size","width":550,"height":700}},{"__type__":"cc.Node","_name":"Titel","_parent":{"__id__":3},"_components":[{"__type__":"cc.Label","node":{"__id__":4},"_useOriginalSize":false,"_actualFontSize":50,"_fontSize":50,"_lineHeight":60,"_N$string":"label_text.getHearts","_N$horizontalAlign":1,"_N$verticalAlign":1,"_N$overflow":3},{"__type__":"cc.LabelOutline","node":{"__id__":4},"_color":{"__type__":"cc.Color","r":29,"g":117,"b":227}},{"__type__":"744dcs4DCdNprNhG0xwq6FK","node":{"__id__":4},"_dataID":"label_text.getHearts"}],"_prefab":{"__type__":"cc.PrefabInfo","root":{"__id__":1},"asset":{"__uuid__":"c37e4RF/ZI4JVHatZHKRi0"},"fileId":"30I6ztdxZAWZnqCYguOrBX"},"_color":{"__type__":"cc.Color","r":29,"g":117,"b":227},"_contentSize":{"__type__":"cc.Size","width":447,"height":60},"_position":{"__type__":"cc.Vec2","y":235}},{"__type__":"cc.Node","_name":"Later","_parent":{"__id__":3},"_children":[{"__id__":6}],"_components":[{"__type__":"cc.Button","node":{"__id__":5},"transition":3,"pressedColor":{"__type__":"cc.Color","r":255,"g":255,"b":255},"zoomScale":0.8,"_N$normalColor":{"__type__":"cc.Color","r":255,"g":255,"b":255},"_N$disabledColor":{"__type__":"cc.Color","r":255,"g":255,"b":255},"_N$normalSprite":{"__uuid__":"dfIt30EudFrLGUmd3C0Mkg"},"_N$pressedSprite":{"__uuid__":"e97GVMl6JHh5Ml5qEDdSGa"},"pressedSprite":{"__uuid__":"e97GVMl6JHh5Ml5qEDdSGa"},"_N$hoverSprite":{"__uuid__":"e97GVMl6JHh5Ml5qEDdSGa"},"hoverSprite":{"__uuid__":"e97GVMl6JHh5Ml5qEDdSGa"},"_N$disabledSprite":{"__uuid__":"29FYIk+N1GYaeWH/q1NxQO"},"_N$target":{"__id__":5}},{"__type__":"cc.Widget","node":{"__id__":5},"_alignFlags":33,"_right":1,"_top":0.5}],"_prefab":{"__type__":"cc.PrefabInfo","root":{"__id__":1},"asset":{"__uuid__":"c37e4RF/ZI4JVHatZHKRi0"},"fileId":"bbJ+K9f/5LWppvSL+MtAxw"},"_contentSize":{"__type__":"cc.Size","width":80,"height":80},"_position":{"__type__":"cc.Vec2","x":234,"y":309.5}},{"__type__":"cc.Node","_name":"Sprite","_parent":{"__id__":5},"_components":[{"__type__":"cc.Sprite","node":{"__id__":6},"_spriteFrame":{"__uuid__":"dfIt30EudFrLGUmd3C0Mkg"},"_type":1}],"_prefab":{"__type__":"cc.PrefabInfo","root":{"__id__":1},"asset":{"__uuid__":"c37e4RF/ZI4JVHatZHKRi0"},"fileId":"5dxpT1/NJNQ78H6v3oNEKh"},"_contentSize":{"__type__":"cc.Size","width":32,"height":37}},{"__type__":"cc.Node","_name":"Bg","_parent":{"__id__":3},"_children":[{"__id__":8},{"__id__":9},{"__id__":10},{"__id__":11},{"__id__":14}],"_components":[{"__type__":"cc.Sprite","node":{"__id__":7},"_type":1,"_sizeMode":0},{"__type__":"cc.Widget","node":{"__id__":7},"_alignFlags":45,"_left":35,"_right":35,"_top":100,"_bottom":50,"_originalWidth":50,"_originalHeight":50}],"_prefab":{"__type__":"cc.PrefabInfo","root":{"__id__":1},"asset":{"__uuid__":"c37e4RF/ZI4JVHatZHKRi0"},"fileId":"e9H/6N0bpOrpnBXhRFIYEe"},"_contentSize":{"__type__":"cc.Size","width":480,"height":550},"_position":{"__type__":"cc.Vec2","y":-25}},{"__type__":"cc.Node","_name":"Light","_parent":{"__id__":7},"_components":[{"__type__":"cc.Sprite","node":{"__id__":8},"_spriteFrame":{"__uuid__":"5aWtwcrA1LKLaglaumSsN/"}}],"_prefab":{"__type__":"cc.PrefabInfo","root":{"__id__":1},"asset":{"__uuid__":"c37e4RF/ZI4JVHatZHKRi0"},"fileId":"623ugOc1NLXr38Hxbg208h"},"_color":{"__type__":"cc.Color","r":255,"g":88,"b":88},"_contentSize":{"__type__":"cc.Size","width":203,"height":203},"_scaleX":1.5,"_scaleY":1.5,"_position":{"__type__":"cc.Vec2","y":70}},{"__type__":"cc.Node","_name":"heartSprite","_parent":{"__id__":7},"_components":[{"__type__":"cc.Sprite","node":{"__id__":9},"_spriteFrame":{"__uuid__":"bc1eFhy65Jw6HO9H9xiszD"}}],"_prefab":{"__type__":"cc.PrefabInfo","root":{"__id__":1},"asset":{"__uuid__":"c37e4RF/ZI4JVHatZHKRi0"},"fileId":"63YXgIgPJFCbFhMVTsb1dQ"},"_contentSize":{"__type__":"cc.Size","width":155,"height":140},"_position":{"__type__":"cc.Vec2","y":70}},{"__type__":"cc.Node","_name":"Text","_parent":{"__id__":7},"_components":[{"__type__":"cc.Label","node":{"__id__":10},"_useOriginalSize":false,"_lineHeight":50,"_N$string":"label_text.getHeartText","_N$horizontalAlign":1,"_N$verticalAlign":1,"_N$overflow":3},{"__type__":"cc.LabelOutline","node":{"__id__":10},"_color":{"__type__":"cc.Color","r":29,"g":117,"b":227}},{"__type__":"744dcs4DCdNprNhG0xwq6FK","node":{"__id__":10},"_dataID":"label_text.getHeartText"}],"_prefab":{"__type__":"cc.PrefabInfo","root":{"__id__":1},"asset":{"__uuid__":"c37e4RF/ZI4JVHatZHKRi0"},"fileId":"c7PtMJ6+9IzpZWrPm+G4H0"},"_color":{"__type__":"cc.Color","r":29,"g":117,"b":227},"_contentSize":{"__type__":"cc.Size","width":450,"height":50},"_position":{"__type__":"cc.Vec2","y":-92}},{"__type__":"cc.Node","_name":"Video","_parent":{"__id__":7},"_children":[{"__id__":12},{"__id__":13}],"_components":[{"__type__":"cc.Sprite","node":{"__id__":11},"_spriteFrame":{"__uuid__":"3abk6Wl49KppeW7I2y5czI"},"_type":1,"_sizeMode":0},{"__type__":"cc.Button","node":{"__id__":11},"transition":3,"pressedColor":{"__type__":"cc.Color","r":255,"g":255,"b":255},"zoomScale":0.8,"_N$normalColor":{"__type__":"cc.Color","r":255,"g":255,"b":255},"_N$disabledColor":{"__type__":"cc.Color","r":255,"g":255,"b":255},"_N$normalSprite":{"__uuid__":"3abk6Wl49KppeW7I2y5czI"},"_N$pressedSprite":{"__uuid__":"e97GVMl6JHh5Ml5qEDdSGa"},"pressedSprite":{"__uuid__":"e97GVMl6JHh5Ml5qEDdSGa"},"_N$hoverSprite":{"__uuid__":"e97GVMl6JHh5Ml5qEDdSGa"},"hoverSprite":{"__uuid__":"e97GVMl6JHh5Ml5qEDdSGa"},"_N$disabledSprite":{"__uuid__":"29FYIk+N1GYaeWH/q1NxQO"},"_N$target":{"__id__":11}},{"__type__":"cc.Widget","node":{"__id__":11},"_alignFlags":12,"_left":40,"_bottom":20}],"_prefab":{"__type__":"cc.PrefabInfo","root":{"__id__":1},"asset":{"__uuid__":"c37e4RF/ZI4JVHatZHKRi0"},"fileId":"abFTORV5lFmKHqn0Y332gM"},"_color":{"__type__":"cc.Color","r":29,"g":117,"b":227},"_contentSize":{"__type__":"cc.Size","width":180,"height":75},"_position":{"__type__":"cc.Vec2","x":-110,"y":-217.5}},{"__type__":"cc.Node","_name":"videoSprite","_parent":{"__id__":11},"_components":[{"__type__":"cc.Sprite","node":{"__id__":12},"_spriteFrame":{"__uuid__":"b0gE2/3GNPe6Mk51fzfQXk"}}],"_prefab":{"__type__":"cc.PrefabInfo","root":{"__id__":1},"asset":{"__uuid__":"c37e4RF/ZI4JVHatZHKRi0"},"fileId":"ccORAhWpBE76UneEUYLvt/"},"_contentSize":{"__type__":"cc.Size","width":60,"height":53},"_scaleX":0.9,"_scaleY":0.9,"_position":{"__type__":"cc.Vec2","y":6}},{"__type__":"cc.Node","_name":"Text","_parent":{"__id__":11},"_active":false,"_components":[{"__type__":"cc.Label","node":{"__id__":13},"_useOriginalSize":false,"_N$horizontalAlign":1,"_N$verticalAlign":1}],"_prefab":{"__type__":"cc.PrefabInfo","root":{"__id__":1},"asset":{"__uuid__":"c37e4RF/ZI4JVHatZHKRi0"},"fileId":"35pXkoRStIjJwC2YBFFZ9S"},"_contentSize":{"__type__":"cc.Size","width":98,"height":40}},{"__type__":"cc.Node","_name":"Share","_parent":{"__id__":7},"_children":[{"__id__":15},{"__id__":16}],"_components":[{"__type__":"cc.Sprite","node":{"__id__":14},"_spriteFrame":{"__uuid__":"3abk6Wl49KppeW7I2y5czI"},"_type":1,"_sizeMode":0},{"__type__":"cc.Button","node":{"__id__":14},"transition":3,"pressedColor":{"__type__":"cc.Color","r":255,"g":255,"b":255},"zoomScale":0.8,"_N$normalColor":{"__type__":"cc.Color","r":255,"g":255,"b":255},"_N$disabledColor":{"__type__":"cc.Color","r":255,"g":255,"b":255},"_N$normalSprite":{"__uuid__":"3abk6Wl49KppeW7I2y5czI"},"_N$pressedSprite":{"__uuid__":"e97GVMl6JHh5Ml5qEDdSGa"},"pressedSprite":{"__uuid__":"e97GVMl6JHh5Ml5qEDdSGa"},"_N$hoverSprite":{"__uuid__":"e97GVMl6JHh5Ml5qEDdSGa"},"hoverSprite":{"__uuid__":"e97GVMl6JHh5Ml5qEDdSGa"},"_N$disabledSprite":{"__uuid__":"29FYIk+N1GYaeWH/q1NxQO"},"_N$target":{"__id__":14}},{"__type__":"cc.Widget","node":{"__id__":14},"_alignFlags":36,"_right":40,"_bottom":20}],"_prefab":{"__type__":"cc.PrefabInfo","root":{"__id__":1},"asset":{"__uuid__":"c37e4RF/ZI4JVHatZHKRi0"},"fileId":"f3jqhzwiZApJruRw++vYre"},"_color":{"__type__":"cc.Color","r":255,"g":88,"b":88},"_contentSize":{"__type__":"cc.Size","width":180,"height":75},"_position":{"__type__":"cc.Vec2","x":110,"y":-217.5}},{"__type__":"cc.Node","_name":"inviteSprite1","_parent":{"__id__":14},"_components":[{"__type__":"cc.Sprite","node":{"__id__":15},"_spriteFrame":{"__uuid__":"e3Kzk0fKZGlZIvqTFvn/6u"}}],"_prefab":{"__type__":"cc.PrefabInfo","root":{"__id__":1},"asset":{"__uuid__":"c37e4RF/ZI4JVHatZHKRi0"},"fileId":"953f/H6ptPLLV3yVqN3iR8"},"_contentSize":{"__type__":"cc.Size","width":59,"height":59},"_position":{"__type__":"cc.Vec2","y":5}},{"__type__":"cc.Node","_name":"Text","_parent":{"__id__":14},"_active":false,"_components":[{"__type__":"cc.Label","node":{"__id__":16},"_useOriginalSize":false,"_N$horizontalAlign":1,"_N$verticalAlign":1}],"_prefab":{"__type__":"cc.PrefabInfo","root":{"__id__":1},"asset":{"__uuid__":"c37e4RF/ZI4JVHatZHKRi0"},"fileId":"5eWvLJuJ5EhK6ZwYOZ0h8X"},"_contentSize":{"__type__":"cc.Size","width":98,"height":40}}],{"__type__":"cc.SpriteFrame","content":{"name":"closeSprite","texture":"57exrIVuVACoHzCx51yKjm","rect":[1530,477,32,37],"offset":[0,0],"originalSize":[32,37],"rotated":1}},{"__type__":"cc.SpriteFrame","content":{"name":"inviteSprite","texture":"57exrIVuVACoHzCx51yKjm","rect":[475,887,59,59],"offset":[0,0],"originalSize":[59,59]}},{"__type__":"cc.SpriteFrame","content":{"name":"default_btn_pressed","texture":"b4P/PCArtIdIH38t6mlw8Y","rect":[0,0,40,40],"offset":[0,0],"originalSize":[40,40],"capInsets":[11,11,11,7]}}]