{"y":9,"x":7,"start":{"x":4,"y":7},"end":{"y":1},"lines":[{"x":2,"y":2},{"x":2,"y":3},{"x":3,"y":3},{"x":3,"y":2},{"x":2,"y":5},{"x":3,"y":5},{"x":2,"y":7},{"x":4,"y":2},{"x":3,"y":4},{"x":2,"y":6},{"x":2,"y":1},{"x":2,"y":8},{"x":3,"y":8},{"x":4,"y":8},{"x":4,"y":3},{"x":4,"y":4},{"x":1,"y":1}],"walls":[{"w1":{"x":6,"y":6},"d1":{"x":6,"y":5}},{"w1":{"x":6,"y":4},"d1":{"x":6,"y":3}},{"w1":{"x":7,"y":8},"d1":{"x":6,"y":8}},{"w1":{"x":5,"y":8},"d1":{"x":5,"y":7}},{"w1":{"x":5,"y":2},"d1":{"x":5,"y":1}},{"w1":{"x":5,"y":5},"d1":{"x":5,"y":4}},{"w1":{"x":5,"y":4},"d1":{"x":5,"y":3}},{"w1":{"x":5,"y":9},"d1":{"x":5,"y":8}},{"w1":{"x":5,"y":3},"d1":{"x":5,"y":2}},{"w1":{"x":4,"y":7},"d1":{"x":4,"y":6}},{"w1":{"x":4,"y":8},"d1":{"x":4,"y":7}},{"w1":{"x":4,"y":6},"d1":{"x":4,"y":5}},{"w1":{"x":4,"y":4},"d1":{"x":4,"y":3}},{"w1":{"x":3,"y":7},"d1":{"x":3,"y":6}},{"w1":{"x":3,"y":8},"d1":{"x":3,"y":7}},{"w1":{"x":3,"y":2},"d1":{"x":3,"y":1}},{"w1":{"x":3,"y":3},"d1":{"x":3,"y":2}},{"w1":{"x":2,"y":8},"d1":{"x":2,"y":7}},{"w1":{"x":2,"y":6},"d1":{"x":2,"y":5}},{"w1":{"x":2,"y":5},"d1":{"x":2,"y":4}},{"w1":{"x":2,"y":4},"d1":{"x":2,"y":3}},{"w1":{"x":2,"y":3},"d1":{"x":2,"y":2}},{"w1":{"x":1,"y":7},"d1":{"x":1,"y":6}},{"w1":{"x":1,"y":1},"d1":{"x":1}},{"w1":{"x":1,"y":4},"d1":{"x":1,"y":3}},{"w1":{"x":1,"y":9},"d1":{"x":1,"y":8}},{"w1":{"x":6,"y":7},"d1":{"x":5,"y":7}},{"w1":{"x":1,"y":7},"d1":{"y":7}},{"w1":{"x":2,"y":7},"d1":{"x":1,"y":7}},{"w1":{"x":6,"y":6},"d1":{"x":5,"y":6}},{"w1":{"x":7,"y":6},"d1":{"x":6,"y":6}},{"w1":{"x":4,"y":6},"d1":{"x":3,"y":6}},{"w1":{"x":5,"y":5},"d1":{"x":4,"y":5}},{"w1":{"x":3,"y":5},"d1":{"x":2,"y":5}},{"w1":{"x":2,"y":5},"d1":{"x":1,"y":5}},{"w1":{"x":3,"y":4},"d1":{"x":2,"y":4}},{"w1":{"x":4,"y":4},"d1":{"x":3,"y":4}},{"w1":{"x":6,"y":3},"d1":{"x":5,"y":3}},{"w1":{"x":1,"y":3},"d1":{"y":3}},{"w1":{"x":5,"y":2},"d1":{"x":4,"y":2}},{"w1":{"x":1,"y":2},"d1":{"y":2}},{"w1":{"x":7,"y":2},"d1":{"x":6,"y":2}},{"w1":{"x":4,"y":2},"d1":{"x":3,"y":2}},{"w1":{"x":2,"y":2},"d1":{"x":1,"y":2}},{"w1":{"x":6,"y":1},"d1":{"x":5,"y":1}},{"w1":{"x":4,"y":1},"d1":{"x":3,"y":1}},{"w1":{"x":3,"y":1},"d1":{"x":2,"y":1}},{"w1":{"x":2,"y":1},"d1":{"x":1,"y":1}},{"w1":{"y":9},"d1":{"y":8}},{"w1":{"y":8},"d1":{"y":7}},{"w1":{"y":7},"d1":{"y":6}},{"w1":{"y":6},"d1":{"y":5}},{"w1":{"y":5},"d1":{"y":4}},{"w1":{"y":4},"d1":{"y":3}},{"w1":{"y":3},"d1":{"y":2}},{"w1":{"y":2},"d1":{"y":1}},{"w1":{"y":1},"d1":{}},{"w1":{"x":7,"y":9},"d1":{"x":7,"y":8}},{"w1":{"x":7,"y":8},"d1":{"x":7,"y":7}},{"w1":{"x":7,"y":7},"d1":{"x":7,"y":6}},{"w1":{"x":7,"y":6},"d1":{"x":7,"y":5}},{"w1":{"x":7,"y":5},"d1":{"x":7,"y":4}},{"w1":{"x":7,"y":4},"d1":{"x":7,"y":3}},{"w1":{"x":7,"y":3},"d1":{"x":7,"y":2}},{"w1":{"x":7,"y":2},"d1":{"x":7,"y":1}},{"w1":{"x":7,"y":1},"d1":{"x":7}},{"w1":{"x":1,"y":9},"d1":{"y":9}},{"w1":{"x":2,"y":9},"d1":{"x":1,"y":9}},{"w1":{"x":3,"y":9},"d1":{"x":2,"y":9}},{"w1":{"x":4,"y":9},"d1":{"x":3,"y":9}},{"w1":{"x":5,"y":9},"d1":{"x":4,"y":9}},{"w1":{"x":6,"y":9},"d1":{"x":5,"y":9}},{"w1":{"x":7,"y":9},"d1":{"x":6,"y":9}},{"w1":{"x":1},"d1":{}},{"w1":{"x":2},"d1":{"x":1}},{"w1":{"x":3},"d1":{"x":2}},{"w1":{"x":4},"d1":{"x":3}},{"w1":{"x":5},"d1":{"x":4}},{"w1":{"x":6},"d1":{"x":5}},{"w1":{"x":7},"d1":{"x":6}}],"ice":[],"enemy":[],"tower":[]}