[{"__type__":"cc.LabelAtlas","_name":"num","spriteFrame":{"__uuid__":"7cnbvXeO1DBaPfDC9DQ675"},"fontSize":42.24,"_fntConfig":{"commonHeight":48,"fontSize":42,"atlasName":"num","fontDefDictionary":{"47":{"rect":{"x":0,"y":0,"width":45,"height":48},"xOffset":0,"yOffset":0,"xAdvance":45},"48":{"rect":{"x":45,"y":0,"width":45,"height":48},"xOffset":0,"yOffset":0,"xAdvance":45},"49":{"rect":{"x":90,"y":0,"width":45,"height":48},"xOffset":0,"yOffset":0,"xAdvance":45},"50":{"rect":{"x":135,"y":0,"width":45,"height":48},"xOffset":0,"yOffset":0,"xAdvance":45},"51":{"rect":{"x":180,"y":0,"width":45,"height":48},"xOffset":0,"yOffset":0,"xAdvance":45},"52":{"rect":{"x":225,"y":0,"width":45,"height":48},"xOffset":0,"yOffset":0,"xAdvance":45},"53":{"rect":{"x":270,"y":0,"width":45,"height":48},"xOffset":0,"yOffset":0,"xAdvance":45},"54":{"rect":{"x":315,"y":0,"width":45,"height":48},"xOffset":0,"yOffset":0,"xAdvance":45},"55":{"rect":{"x":360,"y":0,"width":45,"height":48},"xOffset":0,"yOffset":0,"xAdvance":45},"56":{"rect":{"x":405,"y":0,"width":45,"height":48},"xOffset":0,"yOffset":0,"xAdvance":45},"57":{"rect":{"x":450,"y":0,"width":45,"height":48},"xOffset":0,"yOffset":0,"xAdvance":45}},"kerningDict":{}}},{"__type__":"cc.SpriteFrame","content":{"name":"num","texture":"b8vgD8CLlAk7YhShQaWK9b","rect":[4,4,479,38],"offset":[-4,1],"originalSize":[495,48]}}]