{"y":13,"x":10,"start":{"x":9,"y":6},"end":{"y":10},"lines":[{"x":8,"y":6},{"x":8,"y":5},{"x":8,"y":4},{"x":8,"y":3},{"x":7,"y":3},{"x":6,"y":3},{"x":5,"y":3},{"x":4,"y":3},{"x":4,"y":2},{"x":4,"y":1},{"x":4},{"x":3},{"x":2},{"x":1},{"x":1,"y":1},{"x":1,"y":2},{"x":2,"y":2},{"x":2,"y":3},{"x":2,"y":4},{"x":2,"y":5},{"x":2,"y":6},{"x":2,"y":7},{"x":2,"y":8},{"x":3,"y":8},{"x":3,"y":9},{"x":3,"y":10},{"x":2,"y":10},{"x":1,"y":10}],"walls":[{"w1":{"x":7,"y":10},"d1":{"x":6,"y":10}},{"w1":{"x":2,"y":10},"d1":{"x":1,"y":10}},{"w1":{"x":3,"y":10},"d1":{"x":2,"y":10}},{"w1":{"x":10,"y":10},"d1":{"x":9,"y":10}},{"w1":{"x":8,"y":9},"d1":{"x":7,"y":9}},{"w1":{"x":3,"y":9},"d1":{"x":2,"y":9}},{"w1":{"x":9,"y":9},"d1":{"x":8,"y":9}},{"w1":{"x":6,"y":11},"d1":{"x":5,"y":11}},{"w1":{"x":2,"y":11},"d1":{"x":1,"y":11}},{"w1":{"x":4,"y":11},"d1":{"x":3,"y":11}},{"w1":{"x":3,"y":11},"d1":{"x":2,"y":11}},{"w1":{"x":5,"y":12},"d1":{"x":4,"y":12}},{"w1":{"x":10,"y":12},"d1":{"x":9,"y":12}},{"w1":{"x":1,"y":12},"d1":{"y":12}},{"w1":{"x":7,"y":8},"d1":{"x":6,"y":8}},{"w1":{"x":6,"y":8},"d1":{"x":5,"y":8}},{"w1":{"x":8,"y":8},"d1":{"x":7,"y":8}},{"w1":{"x":5,"y":8},"d1":{"x":4,"y":8}},{"w1":{"x":4,"y":8},"d1":{"x":3,"y":8}},{"w1":{"x":1,"y":8},"d1":{"y":8}},{"w1":{"x":6,"y":7},"d1":{"x":5,"y":7}},{"w1":{"x":2,"y":7},"d1":{"x":1,"y":7}},{"w1":{"x":9,"y":7},"d1":{"x":8,"y":7}},{"w1":{"x":5,"y":6},"d1":{"x":4,"y":6}},{"w1":{"x":1,"y":6},"d1":{"y":6}},{"w1":{"x":6,"y":5},"d1":{"x":5,"y":5}},{"w1":{"x":2,"y":5},"d1":{"x":1,"y":5}},{"w1":{"x":8,"y":5},"d1":{"x":7,"y":5}},{"w1":{"x":7,"y":4},"d1":{"x":6,"y":4}},{"w1":{"x":6,"y":4},"d1":{"x":5,"y":4}},{"w1":{"x":8,"y":4},"d1":{"x":7,"y":4}},{"w1":{"x":5,"y":4},"d1":{"x":4,"y":4}},{"w1":{"x":1,"y":4},"d1":{"y":4}},{"w1":{"x":7,"y":3},"d1":{"x":6,"y":3}},{"w1":{"x":6,"y":3},"d1":{"x":5,"y":3}},{"w1":{"x":2,"y":3},"d1":{"x":1,"y":3}},{"w1":{"x":9,"y":3},"d1":{"x":8,"y":3}},{"w1":{"x":3,"y":2},"d1":{"x":2,"y":2}},{"w1":{"x":9,"y":2},"d1":{"x":8,"y":2}},{"w1":{"x":10,"y":2},"d1":{"x":9,"y":2}},{"w1":{"x":8,"y":1},"d1":{"x":7,"y":1}},{"w1":{"x":4,"y":1},"d1":{"x":3,"y":1}},{"w1":{"x":3,"y":1},"d1":{"x":2,"y":1}},{"w1":{"x":9,"y":1},"d1":{"x":8,"y":1}},{"w1":{"x":9,"y":8},"d1":{"x":9,"y":7}},{"w1":{"x":9,"y":9},"d1":{"x":9,"y":8}},{"w1":{"x":9,"y":6},"d1":{"x":9,"y":5}},{"w1":{"x":9,"y":5},"d1":{"x":9,"y":4}},{"w1":{"x":9,"y":4},"d1":{"x":9,"y":3}},{"w1":{"x":8,"y":12},"d1":{"x":8,"y":11}},{"w1":{"x":8,"y":7},"d1":{"x":8,"y":6}},{"w1":{"x":8,"y":3},"d1":{"x":8,"y":2}},{"w1":{"x":8,"y":6},"d1":{"x":8,"y":5}},{"w1":{"x":8,"y":10},"d1":{"x":8,"y":9}},{"w1":{"x":8,"y":11},"d1":{"x":8,"y":10}},{"w1":{"x":7,"y":8},"d1":{"x":7,"y":7}},{"w1":{"x":7,"y":7},"d1":{"x":7,"y":6}},{"w1":{"x":7,"y":3},"d1":{"x":7,"y":2}},{"w1":{"x":7,"y":6},"d1":{"x":7,"y":5}},{"w1":{"x":7,"y":2},"d1":{"x":7,"y":1}},{"w1":{"x":7,"y":11},"d1":{"x":7,"y":10}},{"w1":{"x":7,"y":12},"d1":{"x":7,"y":11}},{"w1":{"x":6,"y":9},"d1":{"x":6,"y":8}},{"w1":{"x":6,"y":7},"d1":{"x":6,"y":6}},{"w1":{"x":6,"y":6},"d1":{"x":6,"y":5}},{"w1":{"x":6,"y":2},"d1":{"x":6,"y":1}},{"w1":{"x":6,"y":5},"d1":{"x":6,"y":4}},{"w1":{"x":6,"y":10},"d1":{"x":6,"y":9}},{"w1":{"x":6,"y":1},"d1":{"x":6}},{"w1":{"x":6,"y":12},"d1":{"x":6,"y":11}},{"w1":{"x":6,"y":13},"d1":{"x":6,"y":12}},{"w1":{"x":5,"y":3},"d1":{"x":5,"y":2}},{"w1":{"x":5,"y":2},"d1":{"x":5,"y":1}},{"w1":{"x":5,"y":10},"d1":{"x":5,"y":9}},{"w1":{"x":5,"y":11},"d1":{"x":5,"y":10}},{"w1":{"x":5,"y":1},"d1":{"x":5}},{"w1":{"x":4,"y":8},"d1":{"x":4,"y":7}},{"w1":{"x":4,"y":9},"d1":{"x":4,"y":8}},{"w1":{"x":4,"y":7},"d1":{"x":4,"y":6}},{"w1":{"x":4,"y":3},"d1":{"x":4,"y":2}},{"w1":{"x":4,"y":6},"d1":{"x":4,"y":5}},{"w1":{"x":4,"y":5},"d1":{"x":4,"y":4}},{"w1":{"x":4,"y":10},"d1":{"x":4,"y":9}},{"w1":{"x":4,"y":4},"d1":{"x":4,"y":3}},{"w1":{"x":4,"y":11},"d1":{"x":4,"y":10}},{"w1":{"x":4,"y":12},"d1":{"x":4,"y":11}},{"w1":{"x":3,"y":8},"d1":{"x":3,"y":7}},{"w1":{"x":3,"y":7},"d1":{"x":3,"y":6}},{"w1":{"x":3,"y":3},"d1":{"x":3,"y":2}},{"w1":{"x":3,"y":6},"d1":{"x":3,"y":5}},{"w1":{"x":3,"y":5},"d1":{"x":3,"y":4}},{"w1":{"x":3,"y":10},"d1":{"x":3,"y":9}},{"w1":{"x":3,"y":4},"d1":{"x":3,"y":3}},{"w1":{"x":3,"y":13},"d1":{"x":3,"y":12}},{"w1":{"x":2,"y":8},"d1":{"x":2,"y":7}},{"w1":{"x":2,"y":9},"d1":{"x":2,"y":8}},{"w1":{"x":2,"y":7},"d1":{"x":2,"y":6}},{"w1":{"x":2,"y":2},"d1":{"x":2,"y":1}},{"w1":{"x":2,"y":5},"d1":{"x":2,"y":4}},{"w1":{"x":2,"y":4},"d1":{"x":2,"y":3}},{"w1":{"x":2,"y":12},"d1":{"x":2,"y":11}},{"w1":{"x":1,"y":9},"d1":{"x":1,"y":8}},{"w1":{"x":1,"y":3},"d1":{"x":1,"y":2}},{"w1":{"x":1,"y":6},"d1":{"x":1,"y":5}},{"w1":{"x":1,"y":2},"d1":{"x":1,"y":1}},{"w1":{"x":1,"y":10},"d1":{"x":1,"y":9}},{"w1":{"x":1,"y":12},"d1":{"x":1,"y":11}},{"w1":{"y":8},"d1":{"y":7}},{"w1":{"y":9},"d1":{"y":8}},{"w1":{"y":7},"d1":{"y":6}},{"w1":{"y":3},"d1":{"y":2}},{"w1":{"y":6},"d1":{"y":5}},{"w1":{"y":2},"d1":{"y":1}},{"w1":{"y":5},"d1":{"y":4}},{"w1":{"y":10},"d1":{"y":9}},{"w1":{"y":4},"d1":{"y":3}},{"w1":{"y":11},"d1":{"y":10}},{"w1":{"y":1},"d1":{}},{"w1":{"y":12},"d1":{"y":11}},{"w1":{"y":13},"d1":{"y":12}},{"w1":{"x":10,"y":8},"d1":{"x":10,"y":7}},{"w1":{"x":10,"y":9},"d1":{"x":10,"y":8}},{"w1":{"x":10,"y":7},"d1":{"x":10,"y":6}},{"w1":{"x":10,"y":3},"d1":{"x":10,"y":2}},{"w1":{"x":10,"y":6},"d1":{"x":10,"y":5}},{"w1":{"x":10,"y":2},"d1":{"x":10,"y":1}},{"w1":{"x":10,"y":5},"d1":{"x":10,"y":4}},{"w1":{"x":10,"y":10},"d1":{"x":10,"y":9}},{"w1":{"x":10,"y":4},"d1":{"x":10,"y":3}},{"w1":{"x":10,"y":11},"d1":{"x":10,"y":10}},{"w1":{"x":10,"y":1},"d1":{"x":10}},{"w1":{"x":10,"y":12},"d1":{"x":10,"y":11}},{"w1":{"x":10,"y":13},"d1":{"x":10,"y":12}},{"w1":{"x":7},"d1":{"x":6}},{"w1":{"x":6},"d1":{"x":5}},{"w1":{"x":2},"d1":{"x":1}},{"w1":{"x":8},"d1":{"x":7}},{"w1":{"x":5},"d1":{"x":4}},{"w1":{"x":4},"d1":{"x":3}},{"w1":{"x":3},"d1":{"x":2}},{"w1":{"x":9},"d1":{"x":8}},{"w1":{"x":10},"d1":{"x":9}},{"w1":{"x":1},"d1":{}},{"w1":{"x":7,"y":13},"d1":{"x":6,"y":13}},{"w1":{"x":6,"y":13},"d1":{"x":5,"y":13}},{"w1":{"x":2,"y":13},"d1":{"x":1,"y":13}},{"w1":{"x":8,"y":13},"d1":{"x":7,"y":13}},{"w1":{"x":5,"y":13},"d1":{"x":4,"y":13}},{"w1":{"x":4,"y":13},"d1":{"x":3,"y":13}},{"w1":{"x":3,"y":13},"d1":{"x":2,"y":13}},{"w1":{"x":9,"y":13},"d1":{"x":8,"y":13}},{"w1":{"x":10,"y":13},"d1":{"x":9,"y":13}},{"w1":{"x":1,"y":13},"d1":{"y":13}},{"w1":{"x":9,"y":11},"d1":{"x":8,"y":11}},{"w1":{"x":7,"y":1},"d1":{"x":8,"y":1}},{"w1":{"y":1},"d1":{}},{"w1":{"x":7,"y":13},"d1":{"x":8,"y":13}},{"w1":{"x":1,"y":6},"d1":{"x":1,"y":5}}],"ice":[],"enemy":[],"tower":[{"direction":0,"f":3,"s":3,"delay":1.35,"w1":{"x":7,"y":1},"d1":{"x":8,"y":1}},{"direction":3,"f":3,"s":2,"delay":0.5,"w1":{"y":1},"d1":{}},{"direction":2,"f":3,"s":3,"delay":2,"w1":{"x":7,"y":13},"d1":{"x":8,"y":13}},{"direction":3,"f":2,"s":3,"delay":0.75,"w1":{"x":1,"y":6},"d1":{"x":1,"y":5}}]}