[{"__type__":"cc.SpriteFrame","content":{"name":"bg0","texture":"57exrIVuVACoHzCx51yKjm","rect":[1492,512,100,110],"offset":[0,0],"originalSize":[100,110],"capInsets":[39,44,38,45]}},{"__type__":"cc.SpriteFrame","content":{"name":"default_btn_disabled","texture":"71VhFCTINJM6/Ky3oX9nBT","rect":[0,0,40,40],"offset":[0,0],"originalSize":[40,40],"capInsets":[15,7,15,9]}},{"__type__":"cc.SpriteFrame","content":{"name":"bg2","texture":"57exrIVuVACoHzCx51yKjm","rect":[1770,561,80,90],"offset":[0,0],"originalSize":[80,90],"rotated":1,"capInsets":[36,40,34,45]}},{"__type__":"cc.SpriteFrame","content":{"name":"coin","texture":"57exrIVuVACoHzCx51yKjm","rect":[1307,644,171,182],"offset":[0,0],"originalSize":[171,182]}},{"__type__":"cc.SpriteFrame","content":{"name":"step","texture":"57exrIVuVACoHzCx51yKjm","rect":[1155,849,98,116],"offset":[0,0],"originalSize":[98,116],"rotated":1}},{"__type__":"cc.SpriteFrame","content":{"name":"videoSprite","texture":"57exrIVuVACoHzCx51yKjm","rect":[354,887,60,53],"offset":[0,0],"originalSize":[60,53],"rotated":1}},[{"__type__":"cc.Prefab","_name":"MoveView","data":{"__id__":1},"asyncLoadAssets":null},{"__type__":"cc.Node","_name":"MoveView","_children":[{"__id__":2},{"__id__":3}],"_components":[{"__type__":"cc.Widget","node":{"__id__":1},"_alignFlags":45}],"_prefab":{"__type__":"cc.PrefabInfo","root":{"__id__":1},"asset":{"__uuid__":"bfoP5YB99CsIcyL5T4g7ud"},"fileId":"4929GpdR1ObpS4U8iEankZ"},"_contentSize":{"__type__":"cc.Size","width":750,"height":1335},"_position":{"__type__":"cc.Vec2","x":375,"y":667.5}},{"__type__":"cc.Node","_name":"Mask","_parent":{"__id__":1},"_components":[{"__type__":"cc.Sprite","node":{"__id__":2},"_spriteFrame":{"__uuid__":"07FaEC5R9GULsvDQua5De5"},"_type":1,"_sizeMode":0},{"__type__":"cc.BlockInputEvents","node":{"__id__":2}},{"__type__":"cc.Widget","node":{"__id__":2},"_alignFlags":45,"_originalWidth":40,"_originalHeight":36}],"_prefab":{"__type__":"cc.PrefabInfo","root":{"__id__":1},"asset":{"__uuid__":"bfoP5YB99CsIcyL5T4g7ud"},"fileId":"d00wyfFn5L8706VeKQb9r+"},"_opacity":140,"_color":{"__type__":"cc.Color"},"_contentSize":{"__type__":"cc.Size","width":750,"height":1335}},{"__type__":"cc.Node","_name":"Bg","_parent":{"__id__":1},"_children":[{"__id__":4},{"__id__":5},{"__id__":7}],"_components":[{"__type__":"cc.Sprite","node":{"__id__":3},"_spriteFrame":{"__uuid__":"07FaEC5R9GULsvDQua5De5"},"_type":1,"_sizeMode":0}],"_prefab":{"__type__":"cc.PrefabInfo","root":{"__id__":1},"asset":{"__uuid__":"bfoP5YB99CsIcyL5T4g7ud"},"fileId":"c6N+ro7bRFe68KqCIzfpAp"},"_contentSize":{"__type__":"cc.Size","width":550,"height":600}},{"__type__":"cc.Node","_name":"Titel","_parent":{"__id__":3},"_components":[{"__type__":"cc.Label","node":{"__id__":4},"_useOriginalSize":false,"_actualFontSize":50,"_fontSize":50,"_lineHeight":60,"_N$string":"label_text.moveTitel","_N$horizontalAlign":1,"_N$verticalAlign":1,"_N$overflow":3},{"__type__":"cc.LabelOutline","node":{"__id__":4},"_color":{"__type__":"cc.Color","r":29,"g":117,"b":227}},{"__type__":"744dcs4DCdNprNhG0xwq6FK","node":{"__id__":4},"_dataID":"label_text.moveTitel"},{"__type__":"cc.Widget","node":{"__id__":4},"_alignFlags":1,"_top":83}],"_prefab":{"__type__":"cc.PrefabInfo","root":{"__id__":1},"asset":{"__uuid__":"bfoP5YB99CsIcyL5T4g7ud"},"fileId":"e6al43nHBF4Zs6apsJkHJV"},"_color":{"__type__":"cc.Color","r":29,"g":117,"b":227},"_contentSize":{"__type__":"cc.Size","width":445,"height":60},"_position":{"__type__":"cc.Vec2","y":187}},{"__type__":"cc.Node","_name":"Later","_parent":{"__id__":3},"_children":[{"__id__":6}],"_components":[{"__type__":"cc.Button","node":{"__id__":5},"transition":3,"pressedColor":{"__type__":"cc.Color","r":255,"g":255,"b":255},"zoomScale":0.8,"_N$normalColor":{"__type__":"cc.Color","r":255,"g":255,"b":255},"_N$disabledColor":{"__type__":"cc.Color","r":255,"g":255,"b":255},"_N$normalSprite":{"__uuid__":"dfIt30EudFrLGUmd3C0Mkg"},"_N$pressedSprite":{"__uuid__":"e97GVMl6JHh5Ml5qEDdSGa"},"pressedSprite":{"__uuid__":"e97GVMl6JHh5Ml5qEDdSGa"},"_N$hoverSprite":{"__uuid__":"e97GVMl6JHh5Ml5qEDdSGa"},"hoverSprite":{"__uuid__":"e97GVMl6JHh5Ml5qEDdSGa"},"_N$disabledSprite":{"__uuid__":"29FYIk+N1GYaeWH/q1NxQO"},"_N$target":{"__id__":5}},{"__type__":"cc.Widget","node":{"__id__":5},"_alignFlags":33,"_top":1.5}],"_prefab":{"__type__":"cc.PrefabInfo","root":{"__id__":1},"asset":{"__uuid__":"bfoP5YB99CsIcyL5T4g7ud"},"fileId":"58RUDehrREE5ImxCjMq0HY"},"_contentSize":{"__type__":"cc.Size","width":80,"height":80},"_position":{"__type__":"cc.Vec2","x":235,"y":258.5}},{"__type__":"cc.Node","_name":"Sprite","_parent":{"__id__":5},"_components":[{"__type__":"cc.Sprite","node":{"__id__":6},"_spriteFrame":{"__uuid__":"dfIt30EudFrLGUmd3C0Mkg"},"_type":1}],"_prefab":{"__type__":"cc.PrefabInfo","root":{"__id__":1},"asset":{"__uuid__":"bfoP5YB99CsIcyL5T4g7ud"},"fileId":"f31GxnOO1C3LBhYe88Vzj1"},"_contentSize":{"__type__":"cc.Size","width":32,"height":37}},{"__type__":"cc.Node","_name":"Bg","_parent":{"__id__":3},"_children":[{"__id__":8},{"__id__":10},{"__id__":12}],"_components":[{"__type__":"cc.Sprite","node":{"__id__":7},"_type":1,"_sizeMode":0},{"__type__":"cc.Widget","node":{"__id__":7},"_alignFlags":45,"_left":35,"_right":35,"_top":100,"_bottom":50,"_originalWidth":50,"_originalHeight":50}],"_prefab":{"__type__":"cc.PrefabInfo","root":{"__id__":1},"asset":{"__uuid__":"bfoP5YB99CsIcyL5T4g7ud"},"fileId":"7clZ1DVQtPo7Vja4TtzkXC"},"_contentSize":{"__type__":"cc.Size","width":480,"height":450},"_position":{"__type__":"cc.Vec2","y":-25}},{"__type__":"cc.Node","_name":"Step","_parent":{"__id__":7},"_children":[{"__id__":9}],"_components":[{"__type__":"cc.Sprite","node":{"__id__":8},"_spriteFrame":{"__uuid__":"80lk1UgH9LbJdJNgomIvdC"}}],"_prefab":{"__type__":"cc.PrefabInfo","root":{"__id__":1},"asset":{"__uuid__":"bfoP5YB99CsIcyL5T4g7ud"},"fileId":"aaVAVLAKFFYpfrccR3Xs/+"},"_contentSize":{"__type__":"cc.Size","width":98,"height":116},"_position":{"__type__":"cc.Vec2","x":-62,"y":71}},{"__type__":"cc.Node","_name":"New Label","_parent":{"__id__":8},"_components":[{"__type__":"cc.Label","node":{"__id__":9},"_useOriginalSize":false,"_actualFontSize":75,"_fontSize":75,"_lineHeight":90,"_N$string":"+5","_N$horizontalAlign":1,"_N$verticalAlign":1},{"__type__":"cc.LabelOutline","node":{"__id__":9},"_color":{"__type__":"cc.Color","r":29,"g":117,"b":227},"_width":2}],"_prefab":{"__type__":"cc.PrefabInfo","root":{"__id__":1},"asset":{"__uuid__":"bfoP5YB99CsIcyL5T4g7ud"},"fileId":"8e3y9slR5HLrux2/7Tj8eF"},"_color":{"__type__":"cc.Color","r":29,"g":117,"b":227},"_contentSize":{"__type__":"cc.Size","width":86,"height":90},"_position":{"__type__":"cc.Vec2","x":118}},{"__type__":"cc.Node","_name":"Video","_parent":{"__id__":7},"_children":[{"__id__":11}],"_components":[{"__type__":"cc.Sprite","node":{"__id__":10},"_spriteFrame":{"__uuid__":"3abk6Wl49KppeW7I2y5czI"},"_type":1,"_sizeMode":0},{"__type__":"cc.Button","node":{"__id__":10},"transition":3,"pressedColor":{"__type__":"cc.Color","r":255,"g":255,"b":255},"zoomScale":0.8,"_N$normalColor":{"__type__":"cc.Color","r":255,"g":255,"b":255},"_N$disabledColor":{"__type__":"cc.Color","r":255,"g":255,"b":255},"_N$normalSprite":{"__uuid__":"3abk6Wl49KppeW7I2y5czI"},"_N$pressedSprite":{"__uuid__":"e97GVMl6JHh5Ml5qEDdSGa"},"pressedSprite":{"__uuid__":"e97GVMl6JHh5Ml5qEDdSGa"},"_N$hoverSprite":{"__uuid__":"e97GVMl6JHh5Ml5qEDdSGa"},"hoverSprite":{"__uuid__":"e97GVMl6JHh5Ml5qEDdSGa"},"_N$disabledSprite":{"__uuid__":"29FYIk+N1GYaeWH/q1NxQO"},"_N$target":{"__id__":10}},{"__type__":"cc.Widget","node":{"__id__":10},"_alignFlags":4,"_bottom":80}],"_prefab":{"__type__":"cc.PrefabInfo","root":{"__id__":1},"asset":{"__uuid__":"bfoP5YB99CsIcyL5T4g7ud"},"fileId":"08fsnza/dMkJclpaDFpG42"},"_color":{"__type__":"cc.Color","r":255,"g":88,"b":88},"_contentSize":{"__type__":"cc.Size","width":250,"height":77},"_position":{"__type__":"cc.Vec2","y":-106.5}},{"__type__":"cc.Node","_name":"videoSprite","_parent":{"__id__":10},"_components":[{"__type__":"cc.Sprite","node":{"__id__":11},"_spriteFrame":{"__uuid__":"b0gE2/3GNPe6Mk51fzfQXk"}}],"_prefab":{"__type__":"cc.PrefabInfo","root":{"__id__":1},"asset":{"__uuid__":"bfoP5YB99CsIcyL5T4g7ud"},"fileId":"1bxOEXwlpMCK8HR7SzRR0g"},"_contentSize":{"__type__":"cc.Size","width":60,"height":53},"_scaleX":0.8,"_scaleY":0.8,"_position":{"__type__":"cc.Vec2","y":6}},{"__type__":"cc.Node","_name":"Coin","_parent":{"__id__":7},"_children":[{"__id__":13},{"__id__":14}],"_components":[{"__type__":"cc.Sprite","node":{"__id__":12},"_spriteFrame":{"__uuid__":"3abk6Wl49KppeW7I2y5czI"},"_type":1,"_sizeMode":0},{"__type__":"cc.Button","node":{"__id__":12},"transition":3,"pressedColor":{"__type__":"cc.Color","r":255,"g":255,"b":255},"zoomScale":0.8,"_N$normalColor":{"__type__":"cc.Color","r":255,"g":255,"b":255},"_N$disabledColor":{"__type__":"cc.Color","r":255,"g":255,"b":255},"_N$normalSprite":{"__uuid__":"3abk6Wl49KppeW7I2y5czI"},"_N$pressedSprite":{"__uuid__":"e97GVMl6JHh5Ml5qEDdSGa"},"pressedSprite":{"__uuid__":"e97GVMl6JHh5Ml5qEDdSGa"},"_N$hoverSprite":{"__uuid__":"e97GVMl6JHh5Ml5qEDdSGa"},"hoverSprite":{"__uuid__":"e97GVMl6JHh5Ml5qEDdSGa"},"_N$disabledSprite":{"__uuid__":"29FYIk+N1GYaeWH/q1NxQO"},"_N$target":{"__id__":12}},{"__type__":"cc.Widget","node":{"__id__":12},"_alignFlags":4,"_top":254,"_bottom":10}],"_prefab":{"__type__":"cc.PrefabInfo","root":{"__id__":1},"asset":{"__uuid__":"bfoP5YB99CsIcyL5T4g7ud"},"fileId":"74hqzAIn9CN6YPJ2wPepIq"},"_color":{"__type__":"cc.Color","r":29,"g":117,"b":227},"_contentSize":{"__type__":"cc.Size","width":150,"height":60},"_position":{"__type__":"cc.Vec2","y":-185}},{"__type__":"cc.Node","_name":"Coin","_parent":{"__id__":12},"_components":[{"__type__":"cc.Sprite","node":{"__id__":13},"_spriteFrame":{"__uuid__":"6dJLHR5tFCt69Z5j1j5F8E"}}],"_prefab":{"__type__":"cc.PrefabInfo","root":{"__id__":1},"asset":{"__uuid__":"bfoP5YB99CsIcyL5T4g7ud"},"fileId":"4207yXp9FLVaKVpzZthglv"},"_contentSize":{"__type__":"cc.Size","width":171,"height":182},"_scaleX":0.2,"_scaleY":0.2,"_position":{"__type__":"cc.Vec2","x":-37.4,"y":3.7}},{"__type__":"cc.Node","_name":"Num","_parent":{"__id__":12},"_components":[{"__type__":"cc.Label","node":{"__id__":14},"_useOriginalSize":false,"_N$string":"100","_N$horizontalAlign":1,"_N$verticalAlign":1},{"__type__":"cc.LabelOutline","node":{"__id__":14}}],"_prefab":{"__type__":"cc.PrefabInfo","root":{"__id__":1},"asset":{"__uuid__":"bfoP5YB99CsIcyL5T4g7ud"},"fileId":"e7ul/qD+RJx40VhpCO7otI"},"_contentSize":{"__type__":"cc.Size","width":67,"height":40},"_position":{"__type__":"cc.Vec2","x":15.8,"y":4.7}}],{"__type__":"cc.SpriteFrame","content":{"name":"closeSprite","texture":"57exrIVuVACoHzCx51yKjm","rect":[1530,477,32,37],"offset":[0,0],"originalSize":[32,37],"rotated":1}},{"__type__":"cc.SpriteFrame","content":{"name":"default_btn_pressed","texture":"b4P/PCArtIdIH38t6mlw8Y","rect":[0,0,40,40],"offset":[0,0],"originalSize":[40,40],"capInsets":[11,11,11,7]}}]