[{"__type__":"cc.SpriteFrame","content":{"name":"bg0","texture":"57exrIVuVACoHzCx51yKjm","rect":[1492,512,100,110],"offset":[0,0],"originalSize":[100,110],"capInsets":[39,44,38,45]}},[{"__type__":"cc.Prefab","_name":"CoinView","data":{"__id__":1},"asyncLoadAssets":null},{"__type__":"cc.Node","_name":"CoinView","_children":[{"__id__":2},{"__id__":3}],"_components":[{"__type__":"cc.Widget","node":{"__id__":1},"_alignFlags":45}],"_prefab":{"__type__":"cc.PrefabInfo","root":{"__id__":1},"asset":{"__uuid__":"25s1CP9cBNoY1M/uCqdH1A"},"fileId":"b1bzk8JwxFKYbMOB8CA0cZ"},"_contentSize":{"__type__":"cc.Size","width":750,"height":1335},"_position":{"__type__":"cc.Vec2","x":375,"y":667.5}},{"__type__":"cc.Node","_name":"Mask","_parent":{"__id__":1},"_components":[{"__type__":"cc.Sprite","node":{"__id__":2},"_spriteFrame":{"__uuid__":"07FaEC5R9GULsvDQua5De5"},"_type":1,"_sizeMode":0},{"__type__":"cc.Widget","node":{"__id__":2},"_alignFlags":45,"_originalWidth":4,"_originalHeight":4},{"__type__":"cc.BlockInputEvents","node":{"__id__":2}}],"_prefab":{"__type__":"cc.PrefabInfo","root":{"__id__":1},"asset":{"__uuid__":"25s1CP9cBNoY1M/uCqdH1A"},"fileId":"39vllf/lZHHLfd9R2Xn88s"},"_opacity":142,"_color":{"__type__":"cc.Color"},"_contentSize":{"__type__":"cc.Size","width":750,"height":1335}},{"__type__":"cc.Node","_name":"Bg","_parent":{"__id__":1},"_children":[{"__id__":4},{"__id__":5},{"__id__":7}],"_components":[{"__type__":"cc.Sprite","node":{"__id__":3},"_spriteFrame":{"__uuid__":"07FaEC5R9GULsvDQua5De5"},"_type":1,"_sizeMode":0}],"_prefab":{"__type__":"cc.PrefabInfo","root":{"__id__":1},"asset":{"__uuid__":"25s1CP9cBNoY1M/uCqdH1A"},"fileId":"11N6Q3iWBJZpklptJChlIz"},"_contentSize":{"__type__":"cc.Size","width":550,"height":700}},{"__type__":"cc.Node","_name":"Titel","_parent":{"__id__":3},"_components":[{"__type__":"cc.Label","node":{"__id__":4},"_useOriginalSize":false,"_actualFontSize":50,"_fontSize":50,"_lineHeight":60,"_N$string":"label_text.getCoins","_N$horizontalAlign":1,"_N$verticalAlign":1},{"__type__":"cc.LabelOutline","node":{"__id__":4},"_color":{"__type__":"cc.Color","r":29,"g":117,"b":227}},{"__type__":"744dcs4DCdNprNhG0xwq6FK","node":{"__id__":4},"_dataID":"label_text.getCoins"},{"__type__":"cc.Widget","node":{"__id__":4},"_alignFlags":1,"_top":78}],"_prefab":{"__type__":"cc.PrefabInfo","root":{"__id__":1},"asset":{"__uuid__":"25s1CP9cBNoY1M/uCqdH1A"},"fileId":"46MYHg2GZLDrpb5PAXnaXl"},"_color":{"__type__":"cc.Color","r":29,"g":117,"b":227},"_contentSize":{"__type__":"cc.Size","width":427,"height":60},"_position":{"__type__":"cc.Vec2","y":242}},{"__type__":"cc.Node","_name":"Later","_parent":{"__id__":3},"_children":[{"__id__":6}],"_components":[{"__type__":"cc.Widget","node":{"__id__":5},"_alignFlags":33,"_right":-4,"_top":-0.5}],"_prefab":{"__type__":"cc.PrefabInfo","root":{"__id__":1},"asset":{"__uuid__":"25s1CP9cBNoY1M/uCqdH1A"},"fileId":"550m+L4ANDG5z6lJ99N43M"},"_contentSize":{"__type__":"cc.Size","width":80,"height":80},"_position":{"__type__":"cc.Vec2","x":239,"y":310.5}},{"__type__":"cc.Node","_name":"Sprite","_parent":{"__id__":5},"_components":[{"__type__":"cc.Sprite","node":{"__id__":6},"_spriteFrame":{"__uuid__":"dfIt30EudFrLGUmd3C0Mkg"}}],"_prefab":{"__type__":"cc.PrefabInfo","root":{"__id__":1},"asset":{"__uuid__":"25s1CP9cBNoY1M/uCqdH1A"},"fileId":"56hkKmHhBFR70MBG5XB9Y2"},"_contentSize":{"__type__":"cc.Size","width":32,"height":37}},{"__type__":"cc.Node","_name":"Bg","_parent":{"__id__":3},"_children":[{"__id__":8},{"__id__":9},{"__id__":10},{"__id__":11}],"_components":[{"__type__":"cc.Sprite","node":{"__id__":7},"_type":1,"_sizeMode":0},{"__type__":"cc.Widget","node":{"__id__":7},"_alignFlags":45,"_left":35,"_right":35,"_top":100,"_bottom":40,"_originalWidth":500,"_originalHeight":50}],"_prefab":{"__type__":"cc.PrefabInfo","root":{"__id__":1},"asset":{"__uuid__":"25s1CP9cBNoY1M/uCqdH1A"},"fileId":"d9wHFEmYJNrrM4qY10j3GC"},"_contentSize":{"__type__":"cc.Size","width":480,"height":560},"_position":{"__type__":"cc.Vec2","y":-30}},{"__type__":"cc.Node","_name":"Light","_parent":{"__id__":7},"_components":[{"__type__":"cc.Sprite","node":{"__id__":8},"_spriteFrame":{"__uuid__":"5aWtwcrA1LKLaglaumSsN/"}}],"_prefab":{"__type__":"cc.PrefabInfo","root":{"__id__":1},"asset":{"__uuid__":"25s1CP9cBNoY1M/uCqdH1A"},"fileId":"32bZbKwY1ArJaQ/R02V9q5"},"_color":{"__type__":"cc.Color","r":255,"g":204},"_contentSize":{"__type__":"cc.Size","width":203,"height":203},"_scaleX":1.5,"_scaleY":1.5,"_position":{"__type__":"cc.Vec2","y":94}},{"__type__":"cc.Node","_name":"Coin","_parent":{"__id__":7},"_components":[{"__type__":"cc.Sprite","node":{"__id__":9},"_spriteFrame":{"__uuid__":"6dJLHR5tFCt69Z5j1j5F8E"}}],"_prefab":{"__type__":"cc.PrefabInfo","root":{"__id__":1},"asset":{"__uuid__":"25s1CP9cBNoY1M/uCqdH1A"},"fileId":"dcBtFvYn9BDbz35D5i+eG7"},"_contentSize":{"__type__":"cc.Size","width":171,"height":182},"_position":{"__type__":"cc.Vec2","y":94}},{"__type__":"cc.Node","_name":"Text","_parent":{"__id__":7},"_components":[{"__type__":"cc.Label","node":{"__id__":10},"_useOriginalSize":false,"_lineHeight":50,"_N$string":"label_text.getCoinText","_N$horizontalAlign":1,"_N$verticalAlign":1,"_N$overflow":3},{"__type__":"cc.LabelOutline","node":{"__id__":10},"_color":{"__type__":"cc.Color","r":29,"g":117,"b":227}},{"__type__":"744dcs4DCdNprNhG0xwq6FK","node":{"__id__":10},"_dataID":"label_text.getCoinText"}],"_prefab":{"__type__":"cc.PrefabInfo","root":{"__id__":1},"asset":{"__uuid__":"25s1CP9cBNoY1M/uCqdH1A"},"fileId":"f9Qbu2D29OEI3D7lpu62bm"},"_color":{"__type__":"cc.Color","r":29,"g":117,"b":227},"_contentSize":{"__type__":"cc.Size","width":350,"height":100},"_position":{"__type__":"cc.Vec2","y":-119}},{"__type__":"cc.Node","_name":"Sure","_parent":{"__id__":7},"_children":[{"__id__":12},{"__id__":13}],"_components":[{"__type__":"cc.Sprite","node":{"__id__":11},"_spriteFrame":{"__uuid__":"3abk6Wl49KppeW7I2y5czI"},"_type":1,"_sizeMode":0},{"__type__":"cc.Button","node":{"__id__":11},"transition":3,"pressedColor":{"__type__":"cc.Color","r":255,"g":255,"b":255},"zoomScale":0.8,"_N$normalColor":{"__type__":"cc.Color","r":255,"g":255,"b":255},"_N$disabledColor":{"__type__":"cc.Color","r":255,"g":255,"b":255},"_N$normalSprite":{"__uuid__":"f0BIwQ8D5Ml7nTNQbh1YlS"},"_N$pressedSprite":{"__uuid__":"e97GVMl6JHh5Ml5qEDdSGa"},"pressedSprite":{"__uuid__":"e97GVMl6JHh5Ml5qEDdSGa"},"_N$hoverSprite":{"__uuid__":"e97GVMl6JHh5Ml5qEDdSGa"},"hoverSprite":{"__uuid__":"e97GVMl6JHh5Ml5qEDdSGa"},"_N$disabledSprite":{"__uuid__":"29FYIk+N1GYaeWH/q1NxQO"},"_N$target":{"__id__":11}},{"__type__":"cc.Widget","node":{"__id__":11},"_alignFlags":4}],"_prefab":{"__type__":"cc.PrefabInfo","root":{"__id__":1},"asset":{"__uuid__":"25s1CP9cBNoY1M/uCqdH1A"},"fileId":"cdzgvolGlIorDUBWHPWQNy"},"_color":{"__type__":"cc.Color","r":255,"g":88,"b":88},"_contentSize":{"__type__":"cc.Size","width":350,"height":75},"_position":{"__type__":"cc.Vec2","y":-242.5}},{"__type__":"cc.Node","_name":"VideoSprite","_parent":{"__id__":11},"_components":[{"__type__":"cc.Sprite","node":{"__id__":12},"_spriteFrame":{"__uuid__":"b0gE2/3GNPe6Mk51fzfQXk"}}],"_prefab":{"__type__":"cc.PrefabInfo","root":{"__id__":1},"asset":{"__uuid__":"25s1CP9cBNoY1M/uCqdH1A"},"fileId":"ededk7XodIZrHvZaW2M4Rx"},"_contentSize":{"__type__":"cc.Size","width":60,"height":53},"_scaleX":0.9,"_scaleY":0.9,"_position":{"__type__":"cc.Vec2","x":-55,"y":6}},{"__type__":"cc.Node","_name":"Text","_parent":{"__id__":11},"_components":[{"__type__":"cc.Label","node":{"__id__":13},"_useOriginalSize":false,"_lineHeight":110,"_N$file":{"__uuid__":"93UdSFjxtCKb3q2dsOOHPX"},"_isSystemFontUsed":false,"_N$string":"FREE","_N$horizontalAlign":1,"_N$verticalAlign":1}],"_prefab":{"__type__":"cc.PrefabInfo","root":{"__id__":1},"asset":{"__uuid__":"25s1CP9cBNoY1M/uCqdH1A"},"fileId":"38l1x+QyJMB6iVzZdhAE9e"},"_contentSize":{"__type__":"cc.Size","width":97,"height":55},"_position":{"__type__":"cc.Vec2","x":33,"y":4}}],{"__type__":"cc.SpriteFrame","content":{"name":"default_btn_disabled","texture":"71VhFCTINJM6/Ky3oX9nBT","rect":[0,0,40,40],"offset":[0,0],"originalSize":[40,40],"capInsets":[15,7,15,9]}},{"__type__":"cc.SpriteFrame","content":{"name":"bg2","texture":"57exrIVuVACoHzCx51yKjm","rect":[1770,561,80,90],"offset":[0,0],"originalSize":[80,90],"rotated":1,"capInsets":[36,40,34,45]}},{"__type__":"cc.SpriteFrame","content":{"name":"lightBg","texture":"57exrIVuVACoHzCx51yKjm","rect":[1102,644,203,203],"offset":[0,0],"originalSize":[203,203]}},{"__type__":"cc.SpriteFrame","content":{"name":"coin","texture":"57exrIVuVACoHzCx51yKjm","rect":[1307,644,171,182],"offset":[0,0],"originalSize":[171,182]}},{"__type__":"cc.SpriteFrame","content":{"name":"videoSprite","texture":"57exrIVuVACoHzCx51yKjm","rect":[354,887,60,53],"offset":[0,0],"originalSize":[60,53],"rotated":1}},{"__type__":"cc.SpriteFrame","content":{"name":"closeSprite","texture":"57exrIVuVACoHzCx51yKjm","rect":[1530,477,32,37],"offset":[0,0],"originalSize":[32,37],"rotated":1}},{"__type__":"cc.SpriteFrame","content":{"name":"default_btn_pressed","texture":"b4P/PCArtIdIH38t6mlw8Y","rect":[0,0,40,40],"offset":[0,0],"originalSize":[40,40],"capInsets":[11,11,11,7]}},{"__type__":"cc.SpriteFrame","content":{"name":"default_btn_normal","texture":"e8Ueib+qJEhL6mXAHdnwbi","rect":[0,0,40,40],"offset":[0,0],"originalSize":[40,40],"capInsets":[8,11,7,9]}}]